participant,accuracy,rt
1,44,261.2843496111014
1,47,728.2084891686795
1,64,801.8890164530847
1,67,713.5550258928841
1,67,362.68210456132755
2,9,502.9746632115671
2,83,424.8668207670473
2,21,492.3552725110655
2,36,573.5948948299358
2,87,491.05525995048924
3,70,439.52497349613674
3,88,55.11927955751628
3,88,644.8012718084607
3,12,571.8005528939774
3,58,715.2242075037547
